scenario_id,agent_id,object_type,priority_score,final_angle_deg,shadow_width_deg,uncertainty,min_distance_m,crossing_intent
4f7aa8ac2ff60093,3557,pedestrian,0.631520831535603,0.5602876746142486,7.408308996810251,9.013848328017085,0.5160184175519046,False
b5b52effcbc11899,1156,pedestrian,0.6003725307851032,3.8564750320717214,7.406226060113882,9.01037676685647,0.8423104672622254,False
3a0389c235a0eaa1,1156,pedestrian,0.5956797353774941,4.833828343408661,7.406523616747831,9.010872694579719,0.9690571535554506,False
4f7aa8ac2ff60093,3569,pedestrian,0.5905195052325984,8.172119145428228,7.408308996810251,9.013848328017085,0.603349257187113,False
a2fd6176c7695739,3747,pedestrian,0.5874205288173534,-11.739396154637765,7.403548136168993,9.005913560281655,0.29034689219037435,False
1e41e4f90a5cae0a,424,pedestrian,0.5864283338916956,4.389856628016159,7.407118735758527,9.011864559597544,1.479718723712049,False
4f7aa8ac2ff60093,3579,pedestrian,0.5815678494479352,5.574107987793568,7.408308996810253,9.013848328017088,1.412054447480496,False
66d2f8859f26c401,1630,pedestrian,0.5765455873694187,19.69595786209529,7.406226060113881,9.010376766856469,0.01297955842235024,False
